timestamps,#packets,#bytes,#unique_IP_sources,#unique_IP_destinations
1551394800,30397666.75, 1746120075.4,425128.78333333,12122875.983333
1551398400,29655748.4, 1455375550.1667,434437.6,12334828.216667
1551402000,29307219.583333, 1456779247.5,459363.58333333,12220098.916667
1551405600,30164398.116667, 1647136005.7333,474004.2,12365119.65
1551409200,28995129.1, 1447333430.55,483489.48333333,12246545.083333
1551412800,30339148.166667, 1463495532.4333,498267.03333333,12155592.316667
1551416400,31574505.5, 1499379797.2833,517559.13333333,12537485.75
1551420000,33174877.7, 1720723688.9167,528090.13333333,12328972.983333
1551423600,32238863.25, 1569616178.2333,536612.93333333,12784904.683333
1551427200,32793358.733333, 1511189277.6,534591.78333333,12664046.8
1551430800,33471916.8, 1578879895.75,527739.46666667,12883804.616667
1551434400,33338335.533333, 1584629572.9833,520881.71666667,12833586.833333
1551438000,31469326.766667, 1581312382.1167,518312.28333333,12245040.583333
1551441600,32433186.016667, 1538606646.8167,529859.8,12794171.116667
1551445200,30708663.75, 1632201316.5667,540399.1,12301914.6
1551448800,30492090.833333, 1460761249.8333,545173.98333333,12096851.233333
1551452400,29061899.2, 1484744183.4667,549729.36666667,11981665.166667
1551456000,28516234.166667, 1619712836.2667,528978.16666667,11880588.933333
1551459600,30948814.566667, 1660454772.4667,510651.15,12236738.316667
1551463200,29657100.95, 1655460774.85,492765.61666667,12076504.95
1551466800,30318179.9, 1676374031.5833,471465.28333333,12212236.033333
1551470400,30069379.35, 1657593587.0333,446700.25,12056057.166667
1551474000,37614059.966667, 2049052706.8667,428922.31666667,12923169.733333
1551477600,40376892.1, 1968564903.65,420586.83333333,13057538.283333
1551481200,29910044.033333, 1372921747,422741.06666667,12203597.266667
1551484800,30785139.55, 1495437714.4833,429502.25,12453594.566667
1551488400,30478289.916667, 1430164319.5833,448962.31666667,12339445.333333
1551492000,31216990.516667, 1465363660.45,462214.46666667,12507445.266667
1551495600,31124863.95, 1480247872.35,474016.4,12257482.666667
1551499200,30124943.316667, 1451049786.85,486353.81666667,12259616.016667
1551502800,30361302.766667, 1533487547.25,501101,12411806.166667
1551506400,30243303.45, 1395926493.3667,512332.88333333,12348018.583333
1551510000,29134014.383333, 1363469937.8167,520478.11666667,12330681.15
1551513600,30546906.433333, 1577897992.7667,524720.01666667,12375953.933333
1551517200,33126442.633333, 1657249796.25,521027.25,12787430.633333
1551520800,31568969.283333, 1441293231.2333,517571.41666667,12371530.05
1551524400,31566493.333333, 1431410214.0333,519813.45,12653976
1551528000,31277243.25, 1555405380.3833,523393.2,12516121.15
1551531600,30150687.6, 1424444383.9833,531291.95,12451331.583333
1551535200,35658853.4, 1772531507.0167,537188.88333333,12766052.566667
1551538800,34577548.666667, 1657730559.05,546064.36666667,12570763.666667
1551542400,35114787.033333, 1643345286.1,536388.58333333,12621878.566667
1551546000,33514920.066667, 1613625556.0167,515648.63333333,12302029.166667
1551549600,34559376.666667, 1745691704.4167,497139.78333333,12491983.166667
1551553200,35391919.816667, 1725482749.1167,472168.73333333,12627685.316667
1551556800,33622223.616667, 1571147297.95,450585.86666667,12329350.85
1551560400,34581312.833333, 1586754247.75,434866.13333333,12466307.95
1551564000,35760811.316667, 1800931468.7,423110.21666667,12650879.9
1551567600,34016260.716667, 1576204048.1,422552.33333333,12401172.766667
1551571200,34736905.183333, 1599129167.2167,424716.25,12534789.8
1551574800,34304062.583333, 1588704317.75,439475.01666667,12449004.966667
1551578400,34185205.983333, 1573906227.1667,453104.66666667,12443277.983333
1551582000,35135196.116667, 1758987006.05,463413.15,12599615.85
1551585600,34975857.7, 1613461138.35,474130.7,12426798.683333
1551589200,34889838.5, 1695753791.8333,481727.36666667,12514492.266667
1551592800,35889038.316667, 1689021718.8333,493358.05,12410785.7
1551596400,30492122.633333, 1517391278.4667,505174.81666667,12359318.9
1551600000,30161293.516667, 1404014324.1167,511623.61666667,12440554.466667
1551603600,31591520.366667, 1457893706.7,512121.91666667,12581192.65
1551607200,31694366.716667, 1501184059.35,515016.8,12499653.716667
1551610800,34480235.55, 1921087611.3667,516740.91666667,12917313.566667
1551614400,31399505.45, 1677856122.15,527879.13333333,12591705.983333
1551618000,32142245.4, 1472959901.8167,538368.9,12590498.583333
1551621600,32039293.933333, 1570463746.5833,542651.03333333,12780596.716667
1551625200,41696917.383333, 1817225390,471171.18333333,10944653.533333
1551628800,38851661.016667, 1673036778.9,466675.4,11216431.25
1551632400,30906262.166667, 1388413435.35,493494.46666667,12614174.783333
1551636000,33026121.966667, 1517757155.7667,471774.56666667,12963161.933333
1551639600,34316064.283333, 1664484537.3333,442910.91666667,13205655.816667
1551643200,33082555.583333, 1737069248.7,425830.35,13070311.3
1551646800,33893885.966667, 1556729064.5833,411971.85,13000708.533333
1551650400,32248567.066667, 1454660066.8333,403937.91666667,12936850.7
1551654000,33892170.25, 1590330700.5,398573.31666667,13111859.766667
1551657600,33751926.433333, 1571712595.5333,411134.53333333,13183318.516667
1551661200,32694906.1, 1606527528.3,439467.03333333,13009678.95
1551664800,32621190.45, 1540861215.8333,458308.95,12981912.183333
1551668400,34742161.733333, 1747721310.2333,463979.78333333,13246845.366667
1551672000,34199134.133333, 1742025962.5,479156.36666667,13084143.383333
1551675600,34689034.05, 1938155627.4167,497400.41666667,13132469.4
1551679200,35131785.3, 1970665106.6167,509266.48333333,13189705.833333
1551682800,34466172.7, 2054532766.4833,514340.73333333,12936163.616667
1551686400,34083817.183333, 2145700271.8,510234.06666667,12987500.916667
1551690000,34266631.166667, 1915614501.7667,506231.26666667,13077565.016667
1551693600,32872335.266667, 1907034039.55,507709.45,12811542.483333
1551697200,33947661.883333, 2130572161.8333,515107.76666667,12893443.316667
1551700800,35347991.166667, 2070071080.4667,531097.03333333,12970769.45
1551704400,34065743.25, 2043138597.0167,547064.76666667,12883546.083333
1551708000,31763990.916667, 1505123150.1333,558749.03333333,12647179.166667
1551711600,32112411.983333, 1530694755.0833,553125.43333333,12701536.233333
1551715200,29581014.816667, 1418016884.4167,536074.08333333,12330647.55
1551718800,28041917.15, 1347075178.9667,513154.38333333,12051415.566667
1551722400,30087427.983333, 1510227221.2167,490881.66666667,12507205.45
1551726000,29020714.633333, 1322297567.7167,467201.31666667,12303007.033333
1551729600,29401541.566667, 1390422930.4333,446176.83333333,12416866.183333
1551733200,26846488.016667, 1290018049.1667,430482.65,11898415.15
1551736800,28173326.533333, 1314935960.7,421249.86666667,12108087.2
1551740400,28669723, 1350213209.0167,417631.45,12219047.483333
1551744000,29273815.4, 1424974565.0167,426119.88333333,12356503.2
1551747600,28908988.233333, 1359998180.8,450314.73333333,12291383.7
1551751200,28344515.35, 1471186633.0833,464484.71666667,12179386.583333
1551754800,29795404.233333, 1478200900.8167,474445.83333333,12247359.45
1551758400,30105724.033333, 1389834489.1833,491955.56666667,12110571.983333
1551762000,28502039.066667, 1357089055.7167,512755.45,12043998.45
1551765600,28532691.683333, 1342386003.3,526122.31666667,12096889.8
1551769200,32064826.783333, 1522988384.6667,534863.63333333,12675795.483333
1551772800,31115496.433333, 1480586600.8333,533595.8,12211088.35
1551776400,28818937.75, 1365184428.5,522453.08333333,12104056.7
1551780000,32896787.4, 1563647764.8,516697.58333333,12410731.033333
1551783600,31019929.716667, 1443818727.5667,525066.26666667,12311208.983333
1551787200,32273505.116667, 1616537787.25,538042.6,12428494.5
1551790800,32114433.716667, 1511649038.9667,553243.03333333,12369938.116667
1551794400,31114722.466667, 2133893749.5333,561299.08333333,12266221.966667
1551798000,29652877.983333, 1434452051.6333,555322.13333333,12293333.55
1551801600,29667157.95, 1491112584.6667,534434.06666667,12200247.416667
1551805200,28800907.233333, 1358423164.4667,510006.51666667,12180742.216667
1551808800,30949087.316667, 1553360886.4667,496154.76666667,12322257.25
1551812400,33389281.65, 1682479333.7833,476660.46666667,12340159.116667
1551816000,29600255.816667, 1721227405.8,453031.25,12151802.066667
1551819600,27724172.433333, 1386231961.5333,427685.28333333,11956572.016667
1551823200,31307163.583333, 1454214723.8333,422184.5,12432137.6
1551826800,30249247.816667, 1419798783.2,413247.93333333,12298543.033333
1551830400,32842516.416667, 1817475072.1667,425148.41666667,12789001.2
1551834000,30851715.116279, 1482536063.7442,447072.39534884,12500363.302326
1551837600,, ,,
1551841200,, ,,
1551844800,, ,,
1551848400,, ,,
1551852000,, ,,
1551855600,, ,,
1551859200,, ,,
1551862800,, ,,
1551866400,, ,,
1551870000,, ,,
1551873600,, ,,
1551877200,35088180.35, 1639898665.4667,552503.23333333,12953019.266667
1551880800,, ,,
1551884400,33601561.465517, 1705704588.2414,536198.39655172,12765549.258621
1551888000,32886662.166667, 1601230398.7667,526102.11666667,12757916.45
1551891600,34521831.316667, 1609389383.8833,505554,12947517.15
1551895200,34119340.8, 1522935164.25,485934.1,13025608.233333
1551898800,32792812.35, 1520257327.6667,464799.1,12862481.166667
1551902400,31852947.133333, 1755463640.85,444820.5,12700098.033333
1551906000,30287882.05, 1380117748.75,429090.41666667,12491915.95
1551909600,30788440.733333, 1402169309.8667,421110.28333333,12565184.95
1551913200,31513351.883333, 1627426271.2,414283.15,12650442.35
1551916800,31315964.683333, 1493624617.6333,418132.45,12653395
1551920400,33790054.383333, 1686374175.6,440496.73333333,12944149.533333
1551924000,34493569.883333, 1693718792.8333,452614.08333333,13141205.866667
1551927600,31815722.65, 1542259962.4167,464782.01666667,12687479.916667
1551931200,33408566.033333, 1659610464.25,477380.18333333,12753406.75
1551934800,32028901.4, 1501424326.6833,498151.06666667,12512718.033333
1551938400,32268655.016667, 1542569239.4667,508901.4,12670749.616667
1551942000,31606965.45, 1467699078.9833,519766.5,12545185.3
1551945600,32222619.616667, 1564470222.6667,519892.75,12677317.883333
1551949200,33020634.6, 1539854260.55,510575.53333333,12625842.2
1551952800,31565169.55, 1613759294.85,508685.48333333,12470289.633333
1551956400,30922177.333333, 1407364319.75,521047.15,12270267.316667
1551960000,31610997.416667, 1627149144.7,533332.5,12476018.666667
1551963600,29835239.683333, 1399663899.7833,545761.9,12168666.833333
1551967200,30437342.066667, 1393175796.65,555144.53333333,12202226.35
1551970800,30326456.516667, 1521780345.3,546761.1,12245670.083333
1551974400,30717691.416667, 1640678607.2833,523397.95,12266011.45
1551978000,31976816.483333, 1636183142.4667,498546.63333333,12422828.316667
1551981600,30653428.78, 1493641609.32,480592.66,12291921.28
1551985200,30059816.3, 1483986656.42,463018.66,12170449.28
1551988800,30735230.74, 1620217119.04,445595.32,12367299.04
1551992400,28893176.06, 1464795182.48,427295,11955607.98
1551996000,29229895.34, 1502121844.92,419016.28,12050316.88
1551999600,28622983.72, 1346851042.76,413828.16,11952267.68
1552003200,31789691.4, 1520808050.3833,420660.35,12572687.95
1552006800,33492670.383333, 1823832781.8,443991.3,12751702.216667
1552010400,32185022.466667, 1593964469.5,458618.68333333,12545399.833333
1552014000,32342864.316667, 1554369411.6167,467117.21666667,12600052.216667
1552017600,31885926.25, 1636840105.8,478586.95,12603013.716667
1552021200,31617631.166667, 1495601501.85,496423.61666667,12559482.633333
1552024800,33246379.016667, 1662360443.3333,510542.58333333,12763478.85
1552028400,33443815.683333, 1554224994.15,523926.08333333,12759309.333333
1552032000,32765351.966667, 1536031535.9667,526829.4,12757426.2
1552035600,33098805.366667, 1548416300.4,515985.38333333,12917386.683333
1552039200,33920799.016667, 1701908382.8,511167.95,12960992.733333
1552042800,33562990.45, 1558884482.35,517777.03333333,12991918.316667
1552046400,32937340.283333, 1528662799.2833,533883.9,12771306.45
1552050000,33171126.416667, 2285715004.5333,514440.93333333,12132658.05
1552053600,33794908.166667, 1675477775.45,536246.6,12883750.55
1552057200,33777061.983333, 1664069755.0333,545711,12861532.533333
1552060800,33560299.15, 1667596534.2333,532138.61666667,12885275.483333
1552064400,33051196.816667, 1806683958.8833,513391.13333333,12742862.583333
1552068000,33564563.983333, 1779836678.1167,493289.08333333,12763900.783333
1552071600,33029934.516667, 1596117372.2167,476152.15,12842382.283333
1552075200,32083356.25, 1467059103.45,455345.73333333,12805812.616667
1552078800,32743963.133333, 1533381689.3833,438975.83333333,12884293.833333
1552082400,32141890.6, 1514666290.1667,433584.38333333,12786012.45
1552086000,31397600.933333, 1461770752.5333,432928.86666667,12697433.366667
1552089600,32416417.983333, 1611761106.1,439981.8,12862239.733333
1552093200,33971296.85, 1859582707.1167,455396.11666667,12932229.083333
1552096800,34534309.083333, 1607233746.9833,470614.88333333,12967423.683333
1552100400,36334243.133333, 1675760588.8833,475814.33333333,12726097.916667
1552104000,35683975.15, 1810251795.4667,490733.28333333,12892289.85
1552107600,34191556.3, 1580360860.25,505237.81666667,13016657.883333
1552111200,32626098.083333, 1601331789.2667,518256.35,12871465.216667
1552114800,33703007.083333, 1550115902.4667,522801.81666667,13033944.583333
1552118400,33737638.833333, 1677394532.35,528230.35,13065117.616667
1552122000,33823707.066667, 1518294452.4333,523158.31666667,12977241.75
1552125600,35144980.15, 1616828589.25,516129.46666667,13073822.85
1552129200,33640584.583333, 1507130525.15,521065.33333333,13037237.3
1552132800,35192367.2, 1566806657.7167,526577.88333333,13144245.3
1552136400,36387207.416667, 1937694836.1,531960.91666667,13224772.1
1552140000,33880249.75, 1576992929.05,545927.28333333,13047587.5
1552143600,34651123.016667, 1548837923.5167,542290.61666667,13165496.516667
1552147200,34965371.533333, 1699113364.9667,519753.35,13187058.466667
1552150800,32006642.866667, 1783561088.55,496223.96666667,12664723.85
1552154400,32919515.35, 1583530849.9833,473189.31666667,12884499.133333
1552158000,33226328.1, 1622458173.55,454170.55,13081875.4
1552161600,34159936.433333, 1611464725.6167,435501.63333333,13225529.983333
1552165200,34125938, 1950286103.8833,419227.93333333,13157025.85
1552168800,33863608.566667, 1811016858.7833,413986.43333333,13187969
1552172400,35258268.6, 1790818630.3333,409509.73333333,13377292.25
1552176000,34918133.133333, 1769084058.1,413655.25,13332718.016667
1552179600,35207678.866667, 1678532583.1333,427386.11666667,13318536.866667
1552183200,33613010.75, 1620064034.35,440346.6,13113595.1
1552186800,34348181.8, 1681366372.4,449614.91666667,13149542.05
1552190400,33394644.8, 1595284942.85,463563.88333333,13072988.516667
1552194000,32920047.8, 1684914277.2833,474908.28333333,13006883.95
1552197600,32923798.433333, 1501584323.4,489583.61666667,12967386.416667
1552201200,32928866.066667, 1620034639.1333,499108.11666667,12979034.8
1552204800,32298734.316667, 1620074935.5,507454.16666667,12865416.966667
1552208400,32672730.583333, 1490860778.2,508125.08333333,12909510.55
1552212000,31529572.483333, 1446973146.1333,512226.86666667,12694932.616667
1552215600,35202642.966667, 1593748431.1833,522241.06666667,12870877.05
1552219200,33895581.5, 1767823795.9,528256.35,13086300.233333
1552222800,33187355.85, 1577951878.3667,541576.08333333,12968232.416667
1552226400,34797147.616667, 1596843998.85,547389.96666667,13140979.2
1552230000,33950365.85, 1541007732.3667,540027.03333333,13006826.566667
1552233600,33798613.8, 1734171703.25,519508,12994722.616667
1552237200,33162370.583333, 1555772318.95,489961.83333333,12908486.633333
1552240800,34232538.016667, 1601335575.3,469063.21666667,13094872.333333
1552244400,, ,,
1552248000,, ,,
1552251600,, ,,
1552255200,, ,,
1552258800,, ,,
1552262400,, ,,
1552266000,, ,,
1552269600,, ,,
1552273200,, ,,
1552276800,, ,,
1552280400,, ,,
1552284000,, ,,
1552287600,, ,,
1552291200,, ,,
1552294800,, ,,
1552298400,, ,,
1552302000,, ,,
1552305600,, ,,
1552309200,, ,,
1552312800,, ,,
1552316400,, ,,
1552320000,, ,,
1552323600,28603192.883333, 1337800076.7333,506038.56666667,12162537.466667
1552327200,31329134.5, 1520300769.5333,483353.86666667,12723227.116667
1552330800,30718788.4, 1397095311.0833,464260.21666667,12627641.283333
1552334400,30688621.883333, 1667532990.95,446942.85,12527077.283333
1552338000,29957616.366667, 1398417112.2833,433587.8,12507836.1
1552341600,27951913.35, 1336078046.15,426875.38333333,12128891.5
1552345200,26716224.783333, 1354574037.2333,420194.61666667,11856944.766667
1552348800,29297604.3, 1610346476.6833,430241.86666667,12207419.45
1552352400,27873133.566667, 1333971934.4833,455220.23333333,12121888.533333
1552356000,28699601.316667, 1470953137.3833,471848.41666667,12299907.933333
1552359600,28697349.233333, 1560107011.9,479825.95,12294684.683333
1552363200,28716216.333333, 1396220040.45,496911.18333333,12231377.183333
1552366800,28591152.283333, 1535975835.6167,514138.56666667,12234898.216667
1552370400,28935585.266667, 1336095469.1833,524977.25,12180010.75
1552374000,29714553.316667, 1369814329.8,528765.05,12247160.466667
1552377600,28333211.466667, 1344905206.45,528522.86666667,12200527.566667
1552381200,30602091.216667, 1402958465,522088.21666667,12187705.583333
1552384800,26297976.883333, 1204523420.25,489492.26666667,11415823
1552388400,27445109.533333, 1503838567.4167,523677.96666667,11856184.583333
1552392000,31667494.716667, 1594252660.6833,534593.6,12303299.116667
1552395600,26054740.883333, 1204453649.1667,552677.45,11666519.416667
1552399200,27095820, 1279626051.5667,558392.55,11781144.466667
1552402800,27810450.25, 1306298912.45,548883.23333333,12104714.516667
1552406400,26793280.133333, 1258347088,526905.5,11902551.3
1552410000,26229273.033333, 1337491016.65,508333.76666667,11772591.483333
1552413600,29539352.95, 1348342915.7667,485336.26666667,11896542.733333
1552417200,24324872.166667, 1159768267.3,466978.6,11333382.433333
1552420800,27290633.366667, 1457972567.6667,449289.6,11901822.383333
1552424400,26103360.55, 1417555434.15,434160.86666667,11790201.1
1552428000,25527151.133333, 1224528114.4333,426354.33333333,11596862.8
1552431600,25002100.283333, 1176187688.6333,417017.05,11486471.716667
1552435200,29591988.766667, 1357737470.7167,423527.5,11774437.95
1552438800,26406420.266667, 1387686027.5,450950.36666667,11776842.9
1552442400,28990661.25, 1439950030.15,464707.53333333,12338446.966667
1552446000,30002918.916667, 1435015529.2,475784.21666667,12497826.633333
1552449600,28465765.166667, 1414974764.8667,493156.61666667,12213859.45
1552453200,31194164.85, 1450256866.8,508076.33333333,12473180.416667
1552456800,29069284.65, 1434046570.4833,520030.65,12272728.466667
1552460400,31100592.366667, 1435478457.1833,524057.08333333,12360340.366667
1552464000,29787896.016667, 1413360211.9167,524996.31666667,12518348.183333
1552467600,29785928.35, 1569931950.0333,515898.56666667,12535865.866667
1552471200,29312269.9, 1660226933.5,508651.55,12303767.116667
1552474800,29118686.566667, 1327673649.35,520626.45,12420743.25
1552478400,29750236.65, 1354858097.9833,531558.06666667,12385876.35
1552482000,30538446.566667, 1440997851.7667,541700.35,12320705.683333
1552485600,30568535.516667, 1731720080.0667,548681.1,12393870.366667
1552489200,28853156.35, 1666615064.9833,544444.05,12186692.616667
1552492800,27863117.933333, 1284000888.1667,527021.91666667,12132597.7
1552496400,26408802.783333, 1225035712.55,504125.5,11837726.65
1552500000,25411160.95, 1173184118.3,481343.66666667,11616752.516667
1552503600,25633552.833333, 1177743191.5833,457209.85,11712165.216667
1552507200,25747207.366667, 1196937851.6667,439277.4,11724762.933333
1552510800,25769343.916667, 1320738101.9833,426945.61666667,11537919.333333
1552514400,24912159.616667, 1565313894.8167,427441.35,11441913.066667
1552518000,27904756.616667, 1290662403.9667,416354.65,12142506.516667
1552521600,30684833.466667, 1508440669.9833,426749.01666667,12372882.55
1552525200,29208981.583333, 1425678582.0333,451285.33333333,12409911.416667
1552528800,29491155.25, 1394125539.0833,465987.8,12466817.8
1552532400,31395512.75, 1511203769.6167,476488.26666667,12351054.5
1552536000,31276819.266667, 1583274187.1167,494054.95,12262808.066667
1552539600,30545275.466667, 1454054728.0833,514693.21666667,12336144.466667
1552543200,30095291.75, 1414949099.95,529021.58333333,12362701.683333
1552546800,30329640.866667, 1744494929.3167,533938.15,12172933.95
1552550400,31232265.4, 1505990611.2167,536117.05,12475075.933333
1552554000,29112800.583333, 1469444831.9833,523110.2,11897802.866667
1552557600,30371123.933333, 1437362322.15,516637.45,11907707.633333
1552561200,29340705.466667, 1447572041.45,521639.71666667,11962959.566667
1552564800,27910614.133333, 1277245065.0833,536223.28333333,11874805.05
1552568400,31967186.133333, 1559659451.15,546465.88333333,12588599.466667
1552572000,32065924.1, 1874609152.2167,549973.55,12597897.95
1552575600,29788974.35, 1506129206.6833,550417.65,12360217.483333
1552579200,29336678.3, 1381244463.5667,529163.43333333,12293276.766667
1552582800,29468371.95, 1382065132.6667,502943.46666667,12367125.916667
1552586400,31065075.916667, 1510698395.8,482710.98333333,12643579.316667
1552590000,30827062.45, 1394027059.0667,463390.21666667,12641947.416667
1552593600,31154659.266667, 1472583280.6333,444020.36666667,12706785.95
1552597200,31266319.383333, 1690068291.3833,430525.46666667,12600840.7
1552600800,44992415.033333, 1940105484.4167,414347.38333333,14224538.683333
1552604400,44908402.533333, 2070454958.1833,408881.56666667,14252789
1552608000,34968922.566667, 1574872792.8333,425669.41666667,13148458.833333
1552611600,34571084.1, 1589266656.15,451501.1,13208925.15
1552615200,36470454.066667, 1687112596.65,467870.83333333,13440328.616667
1552618800,34402633.85, 1675444147.1,478010.48333333,13043551.85
1552622400,34514776.383333, 1595218786.4333,492226.28333333,13074488.833333
1552626000,33738426.333333, 1587498453.6167,510334.41666667,12794896.533333
1552629600,34263723.866667, 1739233223.25,522802.85,12971036.2
1552633200,33993501.933333, 1632214804.65,533604.13333333,12899583.666667
1552636800,34618683.966667, 1606796354.4167,533379.78333333,12897142.716667
1552640400,33039545.1, 1519160232.3833,519952.41666667,12947173.416667
1552644000,31896319.35, 1530878942.65,514187.28333333,12828753.483333
1552647600,31307634.683333, 1705139798.3167,519807.21666667,12326551.416667
1552651200,30173957.933333, 1774116227.6333,531754.43333333,12306899.066667
1552654800,29304629.9, 1369802265.7,545063.66666667,12285022.016667
1552658400,32043710.916667, 1728733295.1167,548259.8,12352925.433333
1552662000,34486115.283333, 1687284353.6333,552534.25,12463682.366667
1552665600,33630779.283333, 1670175094.15,539573.75,12106198.466667
1552669200,34446162.3, 1712515321.8167,517617.08333333,12211418.583333
1552672800,32317442.316667, 1949897267.9,489185.06666667,11668018.183333
1552676400,32762980.433333, 1754615982.3333,473616.83333333,11794361.333333
1552680000,34293696.433333, 1782264813.0333,456108.71666667,12089277.016667
1552683600,33339962.633333, 1584272773.0667,440420.98333333,11980420.083333
1552687200,33717060.283333, 1575728169.8333,431274.86666667,11985969.516667
1552690800,32947403.533333, 1518333601.5333,427893.65,11942084.75
1552694400,33669445.2, 1567040182.2167,433386.83333333,12126172.266667
1552698000,33636153.766667, 1573032542.7667,452860.31666667,12126122.583333
1552701600,33814431.35, 1579852660.25,466602.1,12084832.95
1552705200,31575222.933333, 1569488141.1333,477575.45,12371397.083333
1552708800,30277776.7, 1415927206.9333,491724.7,12030070.55
1552712400,28130861.483333, 1383789018.8167,509422.5,12035265.4
1552716000,31152589, 1427245494.35,518761.13333333,12305207.883333
1552719600,29990484.866667, 1385381628.9667,529018.78333333,12159106.9
1552723200,27225272.6, 1274301181.8833,531942.85,11824288.416667
1552726800,31317569.5, 1520035557.6833,528084.98333333,12563250.683333
1552730400,29216235.683333, 1351545675.3833,523854.23333333,12201248.566667
1552734000,30027469.033333, 1492673310.1167,528590.83333333,12286365.516667
1552737600,29347557.3, 1381932792.7833,535764.06666667,12161041.116667
1552741200,29151555.3, 1457073349.95,545549.73333333,12092193.633333
1552744800,32990486.883333, 1757245682.1,558138.51666667,12143489.85
1552748400,30283795, 1570858288.1833,559076.2,12127942.466667
1552752000,28070972.533333, 1343554457.9,546978.53333333,11909107.516667
1552755600,29078903.75, 1385745706.55,524381.73333333,12080521.483333
1552759200,28339041.55, 1297295256.1,506780.23333333,11987084.766667
1552762800,27827599.4, 1270455770.35,483489.35,11917943.133333
1552766400,29065439.883333, 1313247194.4833,460906.68333333,12171904.533333
1552770000,28939817.75, 1333181866.4167,445520.35,12149916.283333
1552773600,28953315.533333, 1589536417.9667,433243.93333333,12074027.783333
1552777200,30325577.166667, 1845431585.7167,428070,12224036
1552780800,29358117.833333, 1394611478.0167,429744.43333333,12296206.25
1552784400,29158372.366667, 1481595198.8,441002.53333333,12245732.25
1552788000,30440970.316667, 1851957348.5667,458799.3,12218833.2
1552791600,30063807.233333, 1745233914.35,462393.45,12322700.333333
1552795200,30903716.633333, 1518843406.0167,475029.58333333,12504338.433333
1552798800,30431993.15, 1392835806.4333,491651.6,12405262.466667
1552802400,29760079.9, 1454846193.7,505493.26666667,12257047.483333
1552806000,33075862.683333, 1558600239.8667,514330.96666667,12709873.866667
1552809600,31852493.766667, 1578951984.0667,523517,12575701.533333
1552813200,31804772.166667, 1517171099.9167,518641.85,12597270.95
1552816800,31138440.95, 1484617991.05,517086.6,12497426.016667
1552820400,30724578.366667, 1501387321.9833,521712.31666667,12458000.15
1552824000,35639551.583333, 1744727820.7167,530390.75,12644109.883333
1552827600,32565809.266667, 1506374562.4333,543157.61666667,12392405.6
1552831200,32428046.75, 1595307478.75,551783.9,12364063.633333
1552834800,32174952.6, 1495429894.2333,549674.05,12132713.7
1552838400,31039894.216667, 1571772123.45,534662.35,12073349.6
1552842000,31911782.85, 1584874127.6667,511482.28333333,12339008.3
1552845600,31573350.683333, 1670866149.9,490723.06666667,12266763.95
1552849200,32084899.383333, 1503177902.9,469649.61666667,12481557.533333
1552852800,31416109.066667, 1434305312.1833,447762.85,12352989.033333
1552856400,31031302.466667, 1453451164.9667,430277.06666667,12270003.616667
1552860000,29810062.6, 1403562459.7667,419473.63333333,12078900.766667
1552863600,29827944.083333, 1410823547.2,414231.65,12093834.4
1552867200,33934874.983333, 1601540191.4333,420380.31666667,12709456.7
1552870800,33780184.75, 1573060458.0667,446479.85,12708744.25
1552874400,34211441.633333, 2023881665.5833,468621.61666667,12749061.116667
1552878000,31948733.916667, 1495735359.4667,483175.46666667,12690728.983333
1552881600,30988061.6, 1454905921.2,504688.63333333,12441170.6
1552885200,32014626.316667, 1528432961.6,522242.58333333,12483447.316667
1552888800,32257205.333333, 1870118749.6667,535535.9,12722860.183333
1552892400,32995178.05, 1580543366.0667,540974.9,12832638.283333
1552896000,32305622.566667, 1644892559.1333,537158.63333333,12497501.433333
1552899600,32114127.9, 1527918577.5167,528989.55,12586328.966667
1552903200,32081937.7, 1509996946.1,519500.78333333,12525893.766667
1552906800,34642129.4, 1658462758.5,528252.08333333,12410189.233333
1552910400,34645358.983333, 1592558687.2333,544622.48333333,12667475.566667
1552914000,32526635.9, 1533050435.5667,559469.11666667,12645500.683333
1552917600,31366241.7, 1441826330.2333,562522.68333333,12490088.283333
1552921200,34907963.35, 1528168587.3,548171.58333333,13011806.75
1552924800,31018543.666667, 1431054141.3667,539515.18333333,12364867.016667
1552928400,31241965.816667, 1598712459.8,517066.81666667,12444543.383333
1552932000,33526882.85, 1760058524.0833,496044.61666667,12853729.766667
1552935600,31549153.85, 1596386541.8333,469611.23333333,12641924.283333
1552939200,31436515.45, 1701261116.6667,445565.6,12626516.85
1552942800,31238982.65, 1562013521.2,431663.48333333,12632202.033333
1552946400,28931170.316667, 1375460275.3333,422699.85,12281711.15
1552950000,29960779.316667, 1458412356.9667,417964.48333333,12498437.35
1552953600,34111452.8, 1598999690.4667,426125.76666667,12741730.7
1552957200,33905041.483333, 1590179946.9333,455274.6,12598381.933333
1552960800,33464155.316667, 1678532954.7833,468890.21666667,12845227.75
1552964400,31959050.066667, 1733008625.45,480081.18333333,12741461.883333
1552968000,31258055.366667, 1607761980.4167,498157.55,12578961.666667
1552971600,32423257.716667, 1603781689.05,515537.06666667,12771710.633333
1552975200,32596417.9, 1529862771.4,528105.15,12840403.833333
1552978800,32523929.183333, 1540680026.1167,534239.36666667,12728251.266667
1552982400,32898701.7, 1575817083.1,528890.06666667,12739863.65
1552986000,32724705.216667, 1543376787.2,522553.25,12668675.133333
1552989600,38935816.183333, 1672844183.6167,465275.58333333,11299838.666667
1552993200,40187532.966667, 1716423965.95,456059.41666667,11091858.55
1552996800,32890266.266667, 1553312686.5333,540227.68333333,12810618.25
1553000400,32295859.233333, 1871884379.8,547395.86666667,12746275.466667
1553004000,33266339.766667, 1556116228.0833,555976.13333333,12678555.7
1553007600,31822731.883333, 1468999178.4667,544333.35,12605129.15
1553011200,34373317.566667, 1584209018.7833,514742.26666667,13050699.366667
1553014800,34617806.366667, 1570966176.5833,495046.63333333,12836904
1553018400,31930963.033333, 1517676413.2667,476356.6,12703234.066667
1553022000,32937428.4, 1549896026.9,453339.6,12802196.183333
1553025600,32888255.566667, 1513399372,436481.75,12831232.15
1553029200,32775192.25, 1507465848.4333,424149.3,12821282.633333
1553032800,31430784.666667, 1570954361.1667,418068.81666667,12665091.833333
1553036400,30866055.85, 1693403092.55,413336.65,12569545.516667
1553040000,32446057.2, 1658997644.3,423254.81666667,12877591.066667
1553043600,32298652.583333, 1554390570.3667,450591.11666667,12683524.583333
1553047200,32668382.433333, 1633468555.5,461091.46666667,12772102.816667
1553050800,32617188.416667, 1795084248.4333,474413.4,12724061.633333
1553054400,33129629.05, 1862464573.3,489987.18333333,12726716.6
1553058000,36187472.216667, 1760920005.5667,504179.98333333,12966038.566667
1553061600,34554123.583333, 1757798578.4333,511782.36666667,12830051.533333
1553065200,34994857, 1947000283.4167,517542.15,12671866.35
1553068800,34937456.9, 1702247523.2167,517197.08333333,13023600.75
1553072400,37508368.583333, 1827954352.6,506055.21666667,12957672.95
1553076000,36367255.166667, 1688429554.9333,501490,13032023.033333
1553079600,34811243.666667, 1589710280.2667,510019.11666667,12845069.116667
1553083200,33958766.283333, 1761900004.4667,518581.76666667,12855129.5
1553086800,33585484.466667, 1548094112.7167,527512.31666667,12743387.85
1553090400,36914532.066667, 1689714047.8833,534461.68333333,12847618.633333
1553094000,36759706.816667, 1703292963.9,530894.48333333,12734857.8
1553097600,36933722.066667, 1780600022.1833,513726.2,12819660.116667
1553101200,38220029.05, 1779420520.0833,491921.63333333,12949883.866667
1553104800,37812269.733333, 1780943804.55,474452.46666667,12941291.75
1553108400,37433184.016667, 1876961437.5667,449227.66666667,12975230.733333
1553112000,36875229.3, 1680697463.1167,428755.43333333,12787582.983333
1553115600,37185245.183333, 1802864913.1833,414458.83333333,12842071.533333
1553119200,36774904.716667, 1684791210.6167,407873.98333333,12786623.75
1553122800,37407742.35, 1808674335,401329.7,12889438.683333
1553126400,38024947.8, 1782636798.25,414306.91666667,12923898.316667
1553130000,36552856.416667, 1819475739.1,441251.43333333,12732727.65
1553133600,38035344.783333, 1789315043.8333,454680,12928241.116667
1553137200,34203793.033333, 1624043148.6167,462944.35,12905255.566667
1553140800,33104412.933333, 1624234705.8333,476251.7,12848228.8
1553144400,34621893.316667, 1685469344.5,486965.7,13083486.35
1553148000,35609698.566667, 1795918570.1833,496662.68333333,13214736.283333
1553151600,34715178.633333, 1666817637.5,505943.76666667,13086091.866667
1553155200,35394544.716667, 1692929272.35,506665.41666667,12995963.066667
1553158800,34568811.933333, 1619366476.5833,497589.03333333,13079687.216667
1553162400,36015021.9, 1692717029,490671.6,13204401.466667
1553166000,39363535.883333, 1968356469.5333,492990.38333333,13296414.966667
1553169600,43434310.783333, 2284984456.8833,490147.33333333,13487014.5
1553173200,41756774.333333, 2160236926.9833,516408.48333333,13256223.7
1553176800,33271205.966667, 1691468502.7167,532424.53333333,12854761.8
1553180400,32813148.1, 1637678100.3833,522242.48333333,12695546.95
1553184000,32697795.4, 1660541604.45,504129.63333333,12689204.466667
1553187600,31437110.266667, 1499950893.8667,480568.75,12556793.016667
1553191200,32542060.8, 1541286464.2,460385.01666667,12711243.066667
1553194800,34159184.133333, 1777504225.85,442579.75,12683801.483333
1553198400,31956313.516667, 1539868484.7,426403.93333333,12680387.433333
1553202000,32486864.65, 1560393030.6667,412784.6,12800593.1
1553205600,32443126.816667, 1548091761.2,408209.55,12818523.5
1553209200,32261020.983333, 1602590735.0833,402477.58333333,12809876.8
1553212800,32472240.8, 1599447813,413292.6,12823547.033333
1553216400,32535887.4, 1583100349.6,438601.71666667,12808949.9
1553220000,34554759.15, 1689893976.0333,449438.41666667,13003289.583333
1553223600,32981809.6, 1597964189.4167,456633.91666667,12740315.366667
1553227200,33042430.183333, 1718462486.3,467236.93333333,12870946.583333
1553230800,33344179.116667, 1754306798.3667,480360.66666667,12939813.833333
1553234400,33476268.266667, 1807588663.2833,487626.41666667,12888982.25
1553238000,34305291.933333, 1604500750.9167,494351.43333333,13028078.166667
1553241600,31025347.666667, 1567578425.2,496184.71666667,12472722.533333
1553245200,33272350.233333, 1662577149.3167,488638.78333333,12788409.533333
1553248800,33728757.283333, 1588054913.0833,485664.2,12648239.583333
1553252400,34266074.55, 1581803352.7167,493118.28333333,12953241.366667
1553256000,32501642.733333, 1507232336.7,506143.16666667,12736467.433333
1553259600,32381464.316667, 1626613076.15,517413.83333333,12594184.016667
1553263200,32977743.7, 2070073677.9333,523909.26666667,12657785.116667
1553266800,31513416.116667, 1701212697.8833,523993.33333333,12436438.483333
1553270400,31074222.616667, 1522718777.3333,509762.88333333,12425377.783333
1553274000,32336334.066667, 1501915137.2167,487943.28333333,12477341.95
1553277600,33721802.683333, 1514132527.15,465861.6,12568851.883333
1553281200,33302276.916667, 1555567934.0167,446591.2,12616456.866667
1553284800,30068180.05, 1511870160.3167,427734.58333333,12389375.066667
1553288400,31272493.9, 1536037061.9167,414364.85,12544361.883333
1553292000,31935968.633333, 1577413790.05,409155.51666667,12635304.183333
1553295600,31166763.95, 1485037948.0333,407719.2,12585724.3
1553299200,31771369.1, 1590171443.3,414683.2,12729787.766667
1553302800,32714315.466667, 1614304477.5333,434882.66666667,12846623.766667
1553306400,33903875.066667, 2001285075.3,442801.56666667,12985075.9
1553310000,32421103.45, 1564227311.8167,452945.23333333,12796290.216667
1553313600,31221289.866667, 1541892477.6833,463330.4,12674376.133333
1553317200,34183061.7, 1620829895.4667,474509.05,12789731.533333
1553320800,36354836.816667, 1713817070.7833,482063.6,13055854.2
1553324400,33915546.816667, 1586986210.2333,490444.75,12947348.85
1553328000,34916881.85, 1626813114.7,494878.01666667,12516795.616667
1553331600,32702880.7, 1544144635.5333,499249.45,12791586.816667
1553335200,34438307.25, 1711141890.95,494014.9,12722505.316667
1553338800,32399120.983333, 1571166972.9,502028.95,12532553.9
1553342400,31217473.983333, 1470565360.5167,509673.15,12441629.85
1553346000,30541590.533333, 1426544896.15,517845.98333333,12372797.15
1553349600,30609680.716667, 1425123664.9667,524510.65,12207846.483333
1553353200,28839024.2, 1449414836.05,528089.58333333,12062441.516667
1553356800,30028553.733333, 1370919789.3833,512898.1,12245328.316667
1553360400,32823760.016667, 1510604925.1833,491913.61666667,12528690.05
1553364000,34274599.6, 1655399699.7,469461.86666667,12930956.283333
1553367600,33339446.3, 1590428171.0167,447884.5,12625186.45
1553371200,32829722.733333, 1615699620.1167,431618.13333333,12808215.716667
1553374800,30442077.7, 1587872542.5167,421165.8,12431285.883333
1553378400,30102430.616667, 1518194000.1667,414273.76666667,12360875.45
1553382000,31491872.216667, 1601411541.7167,408662.35,12619176.3
1553385600,31816034.85, 1979866978.55,413007.36666667,12541271.533333
1553389200,30847937.816667, 1804287612.5,427710.63333333,12341568.35
1553392800,31447172.833333, 1807772377.1667,438767.15,12507766.433333
1553396400,32794789.766667, 1947298277.5167,448145.33333333,12655280.116667
1553400000,32485260.316667, 1600653223.5667,455995.2,12403000.45
1553403600,31683427.166667, 1506917423.5333,471038.9,12537087.533333
1553407200,40937816.716667, 1814387697.4667,477258.61666667,12797364.6
1553410800,33521326.05, 1650482601.0333,489940.13333333,12613375.8
1553414400,32533489.083333, 1601463390.45,499523.63333333,12479287.733333
1553418000,32462707.816667, 1475355157.3,501995.36666667,12462139.766667
1553421600,33444029.75, 1519496644.5833,500077.16666667,12510575.683333
1553425200,33932096.566667, 1579439244.6833,508476.03333333,12533844.333333
1553428800,32423554.383333, 1533919974.6667,522584.95,12443082
1553432400,31653727.033333, 1524692696.65,535746.66666667,12297587.416667
1553436000,30329653.683333, 1488245554.5333,547331.75,12151118.766667
1553439600,31556703.883333, 1470116653.0333,538919.41666667,12317200.933333
1553443200,30551037.9, 1418880372.0167,519297.78333333,12181066.6
1553446800,30509858.666667, 1383512965.8,492774.26666667,12294918.8
1553450400,31395636.183333, 1424933939.4667,468503.81666667,12416534.116667
1553454000,30255420.733333, 1356594953.7667,449778.06666667,12288166.35
1553457600,31934319.5, 1830613230.7167,430577.33333333,12401184.716667
1553461200,31546987, 1693786998.6,415807.75,12470552.45
1553464800,30215979.733333, 1467663036.35,407381.81666667,12304708.216667
1553468400,29466630.316667, 1503202999.8667,402891.33333333,12214265.016667
1553472000,31070737.133333, 1592197020.6167,414487.7,12504445.916667
1553475600,31195656.7, 1755234123.95,441100.06666667,12385968.133333
1553479200,31307522.383333, 1518570472.1667,458583.46666667,12530932.316667
1553482800,30388009.866667, 1439227201.0833,471979.4,12348233.8
1553486400,33340843.033333, 1871224610.0833,483607.78333333,12519999.15
1553490000,30328888.683333, 1462517563.15,505825.98333333,12254780.45
1553493600,31320784.016667, 1474720919.05,516534.35,12294647.3
1553497200,32126489.833333, 1507949346.4333,526380.5,12223466.116667
1553500800,31250513.716667, 1482395042.6,526002.25,12163205.116667
1553504400,33901213.75, 1579068615.1,515618.58333333,12382355.083333
1553508000,34847771.583333, 1583905143.3667,501833,12615755.566667
1553511600,32702850.616667, 1488714677.1,510387.15,12541423.95
1553515200,33316333.516667, 1648847145.7667,526822.3,12628772.35
1553518800,33156189.916667, 1584488779.05,541102.48333333,12501445.066667
1553522400,30921174.216667, 1470288659.75,543761.61666667,12136969.35
1553526000,30752001.683333, 1412464087.1667,533423.03333333,12064923.9
1553529600,29811597.266667, 1518973607.6333,519936.83333333,11912507.233333
1553533200,31406972.216667, 1628628927.65,488079.26666667,12170855.666667
1553536800,31345852.166667, 1442642483.6667,464343.65,12252674
1553540400,32608402.166667, 1459320980.0167,446487.85,12478757.3
1553544000,31007174.75, 1392872673.8667,429282.46666667,12133570.983333
1553547600,30646966.666667, 1404559464.25,417658.15,11992686.183333
1553551200,29198238.433333, 1334099435.1,407562,11748539.766667
1553554800,30700899.1, 1427930736.8667,405291.45,12041157.133333
1553558400,31046558.066667, 1501828710.3667,412800.2,12187153.766667
1553562000,29738779.666667, 1465015202.2167,440340.93333333,11897692.666667
1553565600,31083218.533333, 1498701798.7167,452180.66666667,12169412.1
1553569200,29890676.716667, 1458908554.0167,463622.28333333,11887836.466667
1553572800,31211961.233333, 1537406763.4333,482108.6,11981862.616667
1553576400,33634730.333333, 1730469148.25,496414.9,12251795.433333
1553580000,31553847.666667, 1719375904.45,512968.58333333,12002254.716667
1553583600,32607802.116667, 1565764108.6667,508661.83333333,12330538.266667
1553587200,31875830.733333, 1637430539.8167,472397.05,11968634.783333
1553590800,35288877.2, 1759847895.0167,490385.43333333,12079871.533333
1553594400,30865305.85, 1419788199.8167,485732,11981030.2
1553598000,31748715.366667, 1427751937.6833,494899.95,12055665.016667
1553601600,31087195.807692, 1468115515.4808,505551.11538462,11964606.403846
1553605200,, ,,
1553608800,, ,,
1553612400,, ,,
1553616000,, ,,
1553619600,, ,,
1553623200,, ,,
1553626800,, ,,
1553630400,, ,,
1553634000,, ,,
1553637600,, ,,
1553641200,, ,,
1553644800,, ,,
1553648400,, ,,
1553652000,, ,,
1553655600,, ,,
1553659200,, ,,
1553662800,, ,,
1553666400,, ,,
1553670000,, ,,
1553673600,, ,,
1553677200,, ,,
1553680800,, ,,
1553684400,, ,,
1553688000,, ,,
1553691600,, ,,
1553695200,, ,,
1553698800,, ,,
1553702400,, ,,
1553706000,, ,,
1553709600,, ,,
1553713200,, ,,
1553716800,, ,,
1553720400,, ,,
1553724000,, ,,
1553727600,, ,,
1553731200,, ,,
1553734800,, ,,
1553738400,, ,,
1553742000,, ,,
1553745600,, ,,
1553749200,, ,,
1553752800,, ,,
1553756400,, ,,
1553760000,, ,,
1553763600,, ,,
1553767200,, ,,
1553770800,, ,,
1553774400,28697467.913043, 1378915338.2174,500679.56521739,11694716.304348
1553778000,33859213.75, 1656847165.5667,526644.06666667,12385095.333333
1553781600,33917178.383333, 1652897696.2667,531295.61666667,12303089
1553785200,34893956.45, 1693161251.05,525834.78333333,12485239.3
1553788800,33267079.233333, 1619033739.3,511963.85,12376127.183333
1553792400,36435573.833333, 1863540924.2167,492167.53333333,12572310.883333
1553796000,36763590.15, 1787082172.9,470269.96666667,12575711.866667
1553799600,35197837.833333, 1726395486.35,447526.2,12160344.533333
1553803200,34655994.916667, 1718325924.3833,429495.15,11995270.216667
1553806800,31759578.316667, 1620309393.1,414952.03333333,11955264.2
1553810400,34710226.533333, 1720849661.35,410474.91666667,12121585
1553814000,34874049.35, 1818492743.3,404765.05,12030600.883333
1553817600,35202302.25, 1758104070,413237.2,12147021
1553821200,35371703.683333, 1757115972.8833,435911.78333333,12152884.033333
1553824800,35167488.783333, 1716183678.4667,451204.9,12200745.716667
1553828400,32975305.183333, 1873801861.1667,459974.06666667,12312917.3
1553832000,32277790.966667, 1756938314.9333,475106.66666667,12321819.833333
1553835600,33236079.183333, 1524796827.6167,489543.05,12491327.6
1553839200,34694628.616667, 1724664331.5333,498542.91666667,12406224.933333
1553842800,33467658.416667, 1593754880.4833,505036.88333333,12379021.9
1553846400,34210373.533333, 1610925725.8833,504586.6,12359368.383333
1553850000,32586251.533333, 1506105268.7,499054.78333333,12347853.216667
1553853600,32856339.05, 1535234251.2,490654.16666667,12430139.716667
1553857200,33722512.333333, 1532264218,500094.73333333,12384280.25
1553860800,34333151.55, 1596249393.4167,511340.65,12630960.1
1553864400,31450188.416667, 1478836088.7333,525270.16666667,12314022.833333
1553868000,32339822.95, 1574005421.8333,533568.56666667,12514399.5
1553871600,34207587.6, 1708026053.9167,531607.43333333,12626921.633333
1553875200,32853979.5, 1494546220.6667,518266.33333333,12565769.15
1553878800,31857483.1, 1475931631,496249.36666667,12450274.05
1553882400,32245537.35, 1652135030.0167,475155.85,12585722.95
1553886000,30598045.833333, 1507689817.9833,455927.98333333,12308506.85
1553889600,30400639.233333, 1558288051,434621.9,12313569.216667
1553893200,29807235.083333, 1577516343.5667,420137.7,12191640.283333
1553896800,29504878.383333, 1571965672.2833,413069.88333333,12169081.416667
1553900400,30522002.866667, 1588267144.8,405538.31666667,12248862.866667
1553904000,31039965.616667, 1512431392.9833,411024.53333333,12409869.85
1553907600,31740900.9, 1462033109.2833,431081.1,12553913.85
1553911200,31238338.35, 1557847935.1667,444388.31666667,12448172.2
1553914800,32091729.35, 1545260893.6667,455067.21666667,12353057.183333
1553918400,32607228.966667, 1476059209.75,467173.58333333,12323469.333333
1553922000,32269539.833333, 1521091416.9,482261.98333333,12374633.616667
1553925600,33609934.95, 1539470651.9,493959.4,12617975.333333
1553929200,34663600.366667, 1897396944.0167,499610.66666667,12719086.283333
1553932800,33258471, 1535869654.7,502813.36666667,12488058.333333
1553936400,33877607.35, 1571746928.85,503086.46666667,12709359.283333
1553940000,34594803.6, 1617946987.2667,501122.95,12730352.9
1553943600,35933638.216667, 1862232077.8833,501075.26666667,12659039.1
1553947200,38058841.033333, 2140969826.3833,506473.15,12748473.1
1553950800,33055321.233333, 1529718666.6167,521886.26666667,12581127.15
1553954400,33885983.916667, 1703562664.3167,524288.05,12564846.116667
1553958000,31769160.45, 1504536678.0167,525048.25,12438982.7
1553961600,33342001.916667, 1511298388.8833,514339.23333333,12597357.3
1553965200,33314773.216667, 1713864592.6667,499406.46666667,12703165.25
1553968800,31537884.25, 1452790499.65,477022.13333333,12424079.083333
1553972400,32165185.233333, 1437442704.6167,452483.65,12586040.35
1553976000,32252820.383333, 1533878565.5667,430737.93333333,12638393.516667
1553979600,30983342.316667, 1425531162.2833,415607.51666667,12415015.7
1553983200,31706860.6, 1444478168.25,410843.6,12517274.583333
1553986800,30531151.766667, 1500691255.7333,401259.88333333,12291401.133333
1553990400,32762733.35, 1567797226.2,401376.33333333,12610259.85
1553994000,32640861.65, 1672348625.3167,413990.4,12641590.6
1553997600,31681358.9, 1604573331.7,429639.08333333,12524822.983333
1554001200,31277385.583333, 1441067199.2333,438582.81666667,12415687.75
1554004800,31205342.566667, 1410849071.5833,452084.66666667,12389723.2
1554008400,32045372.916667, 1578117552.25,469494.36666667,12524095.733333
1554012000,33523957.65, 1509313039.55,484201.53333333,12751584.366667
1554015600,34556422.183333, 1545435006.95,493635.81666667,12655676.716667
1554019200,34981646.933333, 1619997176.55,497633.05,12725923.333333
1554022800,33317796.883333, 1475049083.0667,496365.53333333,12662028.333333
1554026400,35904442, 1592821316.3667,492541.46666667,12782651.65
1554030000,34167617, 1579090155.3667,500122.78333333,12748401.966667
1554033600,40266718.183333, 1765413780.3667,478631.38333333,11891703.633333
1554037200,42898872.9, 1764741605.1333,449982.95,10770237.466667
1554040800,34724274.816667, 1750996787.5333,526385.2,12673567.766667
1554044400,33363575.166667, 1785880520.1,522519.06666667,12666911.833333
1554048000,34644707.25, 1641968094.0833,498797.58333333,12872005.283333
1554051600,34133917.883333, 1524689808.5833,477501.33333333,12896825.233333
1554055200,32645260.316667, 1497194513.3,456051.4,12718915.666667
1554058800,33625438.55, 1577438503.05,431739.61666667,12886678.283333
1554062400,33167782.383333, 1614296693.5833,412478.56666667,12877184.766667
1554066000,34054739.55, 1584510795.1333,398189.13333333,12957695.516667
